Contrast name:,Group (DiffAll-Cont)
Within-subjects contrast matrix:,c[1;1],c[1;2],c[1;3],c[1;4],c[1;5],c[1;6],c[1;7],c[1;8],c[1;9],c[1;10],c[1;11],c[1;12],c[1;13],c[1;14],c[1;15],c[1;16],c[1;17],c[1;18],c[1;19],
,0.000000,0.000000,0.000000,0.000000,0.000000,0.000000,1.000000,0.000000,0.000000,0.000000,0.000000,0.000000,0.000000,0.000000,0.000000,0.000000,0.000000,0.000000,0.000000,
Between-subjects contrast matrix:,c[1;1],
,1.000000,
Overlap threshold:,0.000000

Results
ROI#,ROI size,average localizer mask size,inter-subject overlap,h[1;1],stderr[1;1],T/F,dof,p,p-fdr
1,2948,294,1.000000,0.078028,0.043530,1.792535,9.000000,0.053321,0.099453
2,1627,162,1.000000,0.033413,0.056092,0.595685,9.000000,0.283031,0.289048
3,644,64,1.000000,0.055621,0.096401,0.576982,9.000000,0.289048,0.289048
4,743,74,1.000000,0.153421,0.078714,1.949092,9.000000,0.041544,0.099453
5,462,46,1.000000,0.109306,0.066103,1.653570,9.000000,0.066302,0.099453
6,370,37,1.000000,0.251943,0.048350,5.210865,9.000000,0.000278,0.001668
