Contrast name:,Group (Cont)
Within-subjects contrast matrix:,c[1;1],c[1;2],c[1;3],c[1;4],c[1;5],c[1;6],c[1;7],c[1;8],c[1;9],c[1;10],c[1;11],c[1;12],c[1;13],c[1;14],c[1;15],c[1;16],c[1;17],c[1;18],c[1;19],
,0.000000,0.000000,0.000000,0.000000,0.000000,1.000000,0.000000,0.000000,0.000000,0.000000,0.000000,0.000000,0.000000,0.000000,0.000000,0.000000,0.000000,0.000000,0.000000,
Between-subjects contrast matrix:,c[1;1],
,1.000000,
Overlap threshold:,0.000000

Results
ROI#,ROI size,average localizer mask size,inter-subject overlap,h[1;1],stderr[1;1],T/F,dof,p,p-fdr
1,2948,294,1.000000,0.150974,0.112709,1.339494,9.000000,0.106625,0.159938
2,1627,162,1.000000,0.119773,0.087349,1.371211,9.000000,0.101763,0.159938
3,644,64,1.000000,0.144925,0.082404,1.758719,9.000000,0.056244,0.159938
4,743,74,1.000000,0.129530,0.134383,0.963887,9.000000,0.180143,0.204802
5,462,46,1.000000,0.179182,0.082124,2.181840,9.000000,0.028502,0.159938
6,370,37,1.000000,0.133335,0.154179,0.864805,9.000000,0.204802,0.204802
