Contrast name:,Group (SameMan-SameAll)
Within-subjects contrast matrix:,c[1;1],c[1;2],c[1;3],c[1;4],c[1;5],c[1;6],c[1;7],c[1;8],c[1;9],c[1;10],c[1;11],c[1;12],c[1;13],c[1;14],c[1;15],c[1;16],c[1;17],c[1;18],c[1;19],
,0.000000,0.000000,0.000000,0.000000,0.000000,0.000000,0.000000,0.000000,0.000000,0.000000,0.000000,0.000000,0.000000,0.000000,0.000000,0.000000,1.000000,0.000000,0.000000,
Between-subjects contrast matrix:,c[1;1],
,1.000000,
Overlap threshold:,0.000000

Results
ROI#,ROI size,average localizer mask size,inter-subject overlap,h[1;1],stderr[1;1],T/F,dof,p,p-fdr
1,2948,294,1.000000,0.079118,0.092595,0.854455,9.000000,0.207509,0.249011
2,1627,162,1.000000,0.017924,0.093283,0.192144,9.000000,0.425947,0.425947
3,644,64,1.000000,0.146333,0.100213,1.460217,9.000000,0.089120,0.133679
4,743,74,1.000000,0.221994,0.142790,1.554687,9.000000,0.077221,0.133679
5,462,46,1.000000,0.261870,0.142277,1.840556,9.000000,0.049412,0.133679
6,370,37,1.000000,0.251439,0.156100,1.610751,9.000000,0.070847,0.133679
