Contrast name:,Group (DiffAll-SameAll)
Within-subjects contrast matrix:,c[1;1],c[1;2],c[1;3],c[1;4],c[1;5],c[1;6],c[1;7],c[1;8],c[1;9],c[1;10],c[1;11],c[1;12],c[1;13],c[1;14],c[1;15],c[1;16],c[1;17],c[1;18],c[1;19],
,0.000000,0.000000,0.000000,0.000000,0.000000,0.000000,0.000000,0.000000,0.000000,0.000000,0.000000,0.000000,1.000000,0.000000,0.000000,0.000000,0.000000,0.000000,0.000000,
Between-subjects contrast matrix:,c[1;1],
,1.000000,
Overlap threshold:,0.000000

Results
ROI#,ROI size,average localizer mask size,inter-subject overlap,h[1;1],stderr[1;1],T/F,dof,p,p-fdr
1,2948,294,1.000000,0.265636,0.063893,4.157506,9.000000,0.001228,0.002457
2,1627,162,1.000000,0.162933,0.073309,2.222566,9.000000,0.026670,0.032004
3,644,64,1.000000,0.076738,0.101272,0.757746,9.000000,0.233989,0.233989
4,743,74,1.000000,0.294171,0.060129,4.892298,9.000000,0.000428,0.001285
5,462,46,1.000000,0.249684,0.092727,2.692668,9.000000,0.012344,0.018516
6,370,37,1.000000,0.388611,0.075231,5.165545,9.000000,0.000295,0.001285
