Contrast name:,Group (All-Cont)
Within-subjects contrast matrix:,c[1;1],c[1;2],c[1;3],c[1;4],c[1;5],c[1;6],c[1;7],c[1;8],c[1;9],c[1;10],c[1;11],c[1;12],c[1;13],c[1;14],c[1;15],c[1;16],c[1;17],c[1;18],c[1;19],
,0.000000,0.000000,0.000000,0.000000,0.000000,0.000000,0.000000,0.000000,0.000000,0.000000,0.000000,1.000000,0.000000,0.000000,0.000000,0.000000,0.000000,0.000000,0.000000,
Between-subjects contrast matrix:,c[1;1],
,1.000000,
Overlap threshold:,0.000000

Results
ROI#,ROI size,average localizer mask size,inter-subject overlap,h[1;1],stderr[1;1],T/F,dof,p,p-fdr
1,2948,294,1.000000,-0.043640,0.084236,-0.518068,9.000000,0.691548,0.813632
2,1627,162,1.000000,-0.061189,0.065235,-0.937991,9.000000,0.813632,0.813632
3,644,64,1.000000,0.074065,0.080131,0.924298,9.000000,0.189723,0.473405
4,743,74,1.000000,0.060434,0.120743,0.500523,9.000000,0.314359,0.473405
5,462,46,1.000000,0.037889,0.076258,0.496847,9.000000,0.315604,0.473405
6,370,37,1.000000,0.070413,0.090298,0.779791,9.000000,0.227765,0.473405
