Contrast name:,Group (DiffAll-SameAg)
Within-subjects contrast matrix:,c[1;1],c[1;2],c[1;3],c[1;4],c[1;5],c[1;6],c[1;7],c[1;8],c[1;9],c[1;10],c[1;11],c[1;12],c[1;13],c[1;14],c[1;15],c[1;16],c[1;17],c[1;18],c[1;19],
,0.000000,0.000000,0.000000,0.000000,0.000000,0.000000,0.000000,0.000000,0.000000,0.000000,0.000000,0.000000,0.000000,0.000000,0.000000,1.000000,0.000000,0.000000,0.000000,
Between-subjects contrast matrix:,c[1;1],
,1.000000,
Overlap threshold:,0.000000

Results
ROI#,ROI size,average localizer mask size,inter-subject overlap,h[1;1],stderr[1;1],T/F,dof,p,p-fdr
1,2948,294,1.000000,0.099448,0.082476,1.205772,9.000000,0.129324,0.193986
2,1627,162,1.000000,0.099656,0.082612,1.206317,9.000000,0.129224,0.193986
3,644,64,1.000000,-0.046927,0.065498,-0.716470,9.000000,0.754063,0.754063
4,743,74,1.000000,0.144526,0.096792,1.493166,9.000000,0.084798,0.193986
5,462,46,1.000000,0.057797,0.121487,0.475744,9.000000,0.322796,0.387355
6,370,37,1.000000,0.330939,0.122463,2.702354,9.000000,0.012150,0.072900
