Contrast name:,Group (SameMan)
Within-subjects contrast matrix:,c[1;1],c[1;2],c[1;3],c[1;4],c[1;5],c[1;6],c[1;7],c[1;8],c[1;9],c[1;10],c[1;11],c[1;12],c[1;13],c[1;14],c[1;15],c[1;16],c[1;17],c[1;18],c[1;19],
,0.000000,1.000000,0.000000,0.000000,0.000000,0.000000,0.000000,0.000000,0.000000,0.000000,0.000000,0.000000,0.000000,0.000000,0.000000,0.000000,0.000000,0.000000,0.000000,
Between-subjects contrast matrix:,c[1;1],
,1.000000,
Overlap threshold:,0.000000

Results
ROI#,ROI size,average localizer mask size,inter-subject overlap,h[1;1],stderr[1;1],T/F,dof,p,p-fdr
1,2948,294,1.000000,0.190473,0.087495,2.176965,2.000000,0.080707,0.135332
2,1627,162,1.000000,0.154569,0.042129,3.668956,2.000000,0.033458,0.135332
3,644,64,1.000000,0.142632,0.093481,1.525790,2.000000,0.133293,0.159951
4,743,74,1.000000,0.575164,0.284348,2.022747,2.000000,0.090221,0.135332
5,462,46,1.000000,0.736514,0.323002,2.280213,2.000000,0.075089,0.135332
6,370,37,1.000000,0.487735,0.401070,1.216082,2.000000,0.174002,0.174002
