Contrast name:,Group (DiffAll-Cont)
Within-subjects contrast matrix:,c[1;1],c[1;2],c[1;3],c[1;4],c[1;5],c[1;6],c[1;7],c[1;8],c[1;9],c[1;10],c[1;11],c[1;12],c[1;13],c[1;14],c[1;15],c[1;16],c[1;17],c[1;18],c[1;19],
,0.000000,0.000000,0.000000,0.000000,0.000000,0.000000,1.000000,0.000000,0.000000,0.000000,0.000000,0.000000,0.000000,0.000000,0.000000,0.000000,0.000000,0.000000,0.000000,
Between-subjects contrast matrix:,c[1;1],
,1.000000,
Overlap threshold:,0.000000

Results
ROI#,ROI size,average localizer mask size,inter-subject overlap,h[1;1],stderr[1;1],T/F,dof,p,p-fdr
1,2948,294,1.000000,0.125113,0.017830,7.016912,2.000000,0.009856,0.059134
2,1627,162,1.000000,0.007940,0.071235,0.111454,2.000000,0.460717,0.552860
3,644,64,1.000000,-0.045971,0.066985,-0.686291,2.000000,0.718294,0.718294
4,743,74,1.000000,0.023193,0.123944,0.187123,2.000000,0.434414,0.552860
5,462,46,1.000000,0.162118,0.118555,1.367450,2.000000,0.152439,0.304879
6,370,37,1.000000,0.182648,0.101681,1.796291,2.000000,0.107143,0.304879
