Contrast name:,Group (DiffAll-SameMan)
Within-subjects contrast matrix:,c[1;1],c[1;2],c[1;3],c[1;4],c[1;5],c[1;6],c[1;7],c[1;8],c[1;9],c[1;10],c[1;11],c[1;12],c[1;13],c[1;14],c[1;15],c[1;16],c[1;17],c[1;18],c[1;19],
,0.000000,0.000000,0.000000,0.000000,0.000000,0.000000,0.000000,0.000000,0.000000,0.000000,0.000000,0.000000,0.000000,1.000000,0.000000,0.000000,0.000000,0.000000,0.000000,
Between-subjects contrast matrix:,c[1;1],
,1.000000,
Overlap threshold:,0.000000

Results
ROI#,ROI size,average localizer mask size,inter-subject overlap,h[1;1],stderr[1;1],T/F,dof,p,p-fdr
1,2948,294,1.000000,-0.064000,0.091667,-0.698173,2.000000,0.721338,0.905733
2,1627,162,1.000000,-0.084348,0.150532,-0.560332,2.000000,0.684177,0.905733
3,644,64,1.000000,-0.071768,0.133913,-0.535930,2.000000,0.677184,0.905733
4,743,74,1.000000,-0.311224,0.371610,-0.837502,2.000000,0.754777,0.905733
5,462,46,1.000000,-0.337749,0.170490,-1.981053,2.000000,0.906947,0.906947
6,370,37,1.000000,-0.006177,0.342117,-0.018054,2.000000,0.506383,0.905733
