Contrast name:,Group (SameAg)
Within-subjects contrast matrix:,c[1;1],c[1;2],c[1;3],c[1;4],c[1;5],c[1;6],c[1;7],c[1;8],c[1;9],c[1;10],c[1;11],c[1;12],c[1;13],c[1;14],c[1;15],c[1;16],c[1;17],c[1;18],c[1;19],
,0.000000,0.000000,0.000000,1.000000,0.000000,0.000000,0.000000,0.000000,0.000000,0.000000,0.000000,0.000000,0.000000,0.000000,0.000000,0.000000,0.000000,0.000000,0.000000,
Between-subjects contrast matrix:,c[1;1],
,1.000000,
Overlap threshold:,0.000000

Results
ROI#,ROI size,average localizer mask size,inter-subject overlap,h[1;1],stderr[1;1],T/F,dof,p,p-fdr
1,2948,294,1.000000,0.111719,0.089901,1.242689,2.000000,0.169958,0.243333
2,1627,162,1.000000,0.147619,0.034471,4.282425,2.000000,0.025219,0.075657
3,644,64,1.000000,-0.003609,0.186192,-0.019386,2.000000,0.506853,0.506853
4,743,74,1.000000,0.260822,0.249487,1.045433,2.000000,0.202778,0.243333
5,462,46,1.000000,0.316612,0.027164,11.655373,2.000000,0.003640,0.021843
6,370,37,1.000000,0.215111,0.062814,3.424552,2.000000,0.037856,0.075712
