Contrast name:,Group (SameAll)
Within-subjects contrast matrix:,c[1;1],c[1;2],c[1;3],c[1;4],c[1;5],c[1;6],c[1;7],c[1;8],c[1;9],c[1;10],c[1;11],c[1;12],c[1;13],c[1;14],c[1;15],c[1;16],c[1;17],c[1;18],c[1;19],
,1.000000,0.000000,0.000000,0.000000,0.000000,0.000000,0.000000,0.000000,0.000000,0.000000,0.000000,0.000000,0.000000,0.000000,0.000000,0.000000,0.000000,0.000000,0.000000,
Between-subjects contrast matrix:,c[1;1],
,1.000000,
Overlap threshold:,0.000000

Results
ROI#,ROI size,average localizer mask size,inter-subject overlap,h[1;1],stderr[1;1],T/F,dof,p,p-fdr
1,2948,294,1.000000,-0.028321,0.103723,-0.273049,2.000000,0.594787,0.594787
2,1627,162,1.000000,0.027309,0.101891,0.268023,2.000000,0.406897,0.594787
3,644,64,1.000000,-0.065046,0.248818,-0.261420,2.000000,0.590886,0.594787
4,743,74,1.000000,0.101757,0.139134,0.731358,2.000000,0.270321,0.540642
5,462,46,1.000000,0.076962,0.043039,1.788203,2.000000,0.107823,0.467132
6,370,37,1.000000,0.147171,0.109594,1.342869,2.000000,0.155711,0.467132
