Contrast name:,Group (SameAll-Cont)
Within-subjects contrast matrix:,c[1;1],c[1;2],c[1;3],c[1;4],c[1;5],c[1;6],c[1;7],c[1;8],c[1;9],c[1;10],c[1;11],c[1;12],c[1;13],c[1;14],c[1;15],c[1;16],c[1;17],c[1;18],c[1;19],
,0.000000,0.000000,0.000000,0.000000,0.000000,0.000000,0.000000,0.000000,0.000000,0.000000,1.000000,0.000000,0.000000,0.000000,0.000000,0.000000,0.000000,0.000000,0.000000,
Between-subjects contrast matrix:,c[1;1],
,1.000000,
Overlap threshold:,0.000000

Results
ROI#,ROI size,average localizer mask size,inter-subject overlap,h[1;1],stderr[1;1],T/F,dof,p,p-fdr
1,2948,294,1.000000,-0.029682,0.093747,-0.316614,2.000000,0.609236,0.952273
2,1627,162,1.000000,-0.034973,0.091238,-0.383318,2.000000,0.630804,0.952273
3,644,64,1.000000,-0.181881,0.121136,-1.501465,2.000000,0.863971,0.952273
4,743,74,1.000000,-0.138991,0.155683,-0.892780,2.000000,0.766909,0.952273
5,462,46,1.000000,-0.159685,0.103174,-1.547718,2.000000,0.869114,0.952273
6,370,37,1.000000,-0.151739,0.050576,-3.000226,2.000000,0.952273,0.952273
