Contrast name:,Group (DiffAll-SameAll)
Within-subjects contrast matrix:,c[1;1],c[1;2],c[1;3],c[1;4],c[1;5],c[1;6],c[1;7],c[1;8],c[1;9],c[1;10],c[1;11],c[1;12],c[1;13],c[1;14],c[1;15],c[1;16],c[1;17],c[1;18],c[1;19],
,0.000000,0.000000,0.000000,0.000000,0.000000,0.000000,0.000000,0.000000,0.000000,0.000000,0.000000,0.000000,1.000000,0.000000,0.000000,0.000000,0.000000,0.000000,0.000000,
Between-subjects contrast matrix:,c[1;1],
,1.000000,
Overlap threshold:,0.000000

Results
ROI#,ROI size,average localizer mask size,inter-subject overlap,h[1;1],stderr[1;1],T/F,dof,p,p-fdr
1,2948,294,1.000000,0.154795,0.100105,1.546318,2.000000,0.131037,0.196556
2,1627,162,1.000000,0.042913,0.070844,0.605732,2.000000,0.303139,0.303139
3,644,64,1.000000,0.135910,0.108224,1.255814,2.000000,0.168005,0.201606
4,743,74,1.000000,0.162184,0.060327,2.688400,2.000000,0.057491,0.196556
5,462,46,1.000000,0.321803,0.192148,1.674766,2.000000,0.117981,0.196556
6,370,37,1.000000,0.334387,0.143771,2.325831,2.000000,0.072778,0.196556
