Contrast name:,Group (SameMan-SameAll)
Within-subjects contrast matrix:,c[1;1],c[1;2],c[1;3],c[1;4],c[1;5],c[1;6],c[1;7],c[1;8],c[1;9],c[1;10],c[1;11],c[1;12],c[1;13],c[1;14],c[1;15],c[1;16],c[1;17],c[1;18],c[1;19],
,0.000000,0.000000,0.000000,0.000000,0.000000,0.000000,0.000000,0.000000,0.000000,0.000000,0.000000,0.000000,0.000000,0.000000,0.000000,0.000000,1.000000,0.000000,0.000000,
Between-subjects contrast matrix:,c[1;1],
,1.000000,
Overlap threshold:,0.000000

Results
ROI#,ROI size,average localizer mask size,inter-subject overlap,h[1;1],stderr[1;1],T/F,dof,p,p-fdr
1,2948,294,1.000000,0.218795,0.178014,1.229088,2.000000,0.172011,0.240726
2,1627,162,1.000000,0.127260,0.127681,0.996707,2.000000,0.211960,0.240726
3,644,64,1.000000,0.207678,0.177483,1.170124,2.000000,0.181258,0.240726
4,743,74,1.000000,0.473408,0.315366,1.501138,2.000000,0.136067,0.240726
5,462,46,1.000000,0.659552,0.354122,1.862501,2.000000,0.101786,0.240726
6,370,37,1.000000,0.340564,0.397086,0.857658,2.000000,0.240726,0.240726
