Contrast name:,Group (Cont)
Within-subjects contrast matrix:,c[1;1],c[1;2],c[1;3],c[1;4],c[1;5],c[1;6],c[1;7],c[1;8],c[1;9],c[1;10],c[1;11],c[1;12],c[1;13],c[1;14],c[1;15],c[1;16],c[1;17],c[1;18],c[1;19],
,0.000000,0.000000,0.000000,0.000000,0.000000,1.000000,0.000000,0.000000,0.000000,0.000000,0.000000,0.000000,0.000000,0.000000,0.000000,0.000000,0.000000,0.000000,0.000000,
Between-subjects contrast matrix:,c[1;1],
,1.000000,
Overlap threshold:,0.000000

Results
ROI#,ROI size,average localizer mask size,inter-subject overlap,h[1;1],stderr[1;1],T/F,dof,p,p-fdr
1,2948,294,1.000000,0.001360,0.084399,0.016115,2.000000,0.494303,0.494303
2,1627,162,1.000000,0.062282,0.098163,0.634478,2.000000,0.295332,0.354399
3,644,64,1.000000,0.116835,0.127722,0.914760,2.000000,0.228441,0.342662
4,743,74,1.000000,0.240748,0.112220,2.145313,2.000000,0.082544,0.201899
5,462,46,1.000000,0.236647,0.060223,3.929522,2.000000,0.029540,0.177243
6,370,37,1.000000,0.298909,0.159566,1.873260,2.000000,0.100950,0.201899
