Contrast name:,Group (SamePath)
Within-subjects contrast matrix:,c[1;1],c[1;2],c[1;3],c[1;4],c[1;5],c[1;6],c[1;7],c[1;8],c[1;9],c[1;10],c[1;11],c[1;12],c[1;13],c[1;14],c[1;15],c[1;16],c[1;17],c[1;18],c[1;19],
,0.000000,0.000000,1.000000,0.000000,0.000000,0.000000,0.000000,0.000000,0.000000,0.000000,0.000000,0.000000,0.000000,0.000000,0.000000,0.000000,0.000000,0.000000,0.000000,
Between-subjects contrast matrix:,c[1;1],
,1.000000,
Overlap threshold:,0.000000

Results
ROI#,ROI size,average localizer mask size,inter-subject overlap,h[1;1],stderr[1;1],T/F,dof,p,p-fdr
1,2948,294,1.000000,0.090903,0.046583,1.951412,2.000000,0.095140,0.142709
2,1627,162,1.000000,-0.022300,0.089925,-0.247984,2.000000,0.586358,0.606213
3,644,64,1.000000,-0.062193,0.202299,-0.307432,2.000000,0.606213,0.606213
4,743,74,1.000000,0.410340,0.083596,4.908620,2.000000,0.019543,0.117258
5,462,46,1.000000,0.411442,0.161350,2.550002,2.000000,0.062743,0.142709
6,370,37,1.000000,0.346324,0.160398,2.159150,2.000000,0.081734,0.142709
