Contrast name:,Group (SameMan-Cont)
Within-subjects contrast matrix:,c[1;1],c[1;2],c[1;3],c[1;4],c[1;5],c[1;6],c[1;7],c[1;8],c[1;9],c[1;10],c[1;11],c[1;12],c[1;13],c[1;14],c[1;15],c[1;16],c[1;17],c[1;18],c[1;19],
,0.000000,0.000000,0.000000,0.000000,0.000000,0.000000,0.000000,1.000000,0.000000,0.000000,0.000000,0.000000,0.000000,0.000000,0.000000,0.000000,0.000000,0.000000,0.000000,
Between-subjects contrast matrix:,c[1;1],
,1.000000,
Overlap threshold:,0.000000

Results
ROI#,ROI size,average localizer mask size,inter-subject overlap,h[1;1],stderr[1;1],T/F,dof,p,p-fdr
1,2948,294,1.000000,0.189113,0.108545,1.742259,2.000000,0.111793,0.338690
2,1627,162,1.000000,0.092287,0.088709,1.040342,2.000000,0.203716,0.363954
3,644,64,1.000000,0.025797,0.068821,0.374838,2.000000,0.371898,0.371898
4,743,74,1.000000,0.334417,0.393872,0.849050,2.000000,0.242636,0.363954
5,462,46,1.000000,0.499867,0.288962,1.729873,2.000000,0.112897,0.338690
6,370,37,1.000000,0.188825,0.395999,0.476832,2.000000,0.340251,0.371898
