Contrast name:,Group (DiffAll)
Within-subjects contrast matrix:,c[1;1],c[1;2],c[1;3],c[1;4],c[1;5],c[1;6],c[1;7],c[1;8],c[1;9],c[1;10],c[1;11],c[1;12],c[1;13],c[1;14],c[1;15],c[1;16],c[1;17],c[1;18],c[1;19],
,0.000000,0.000000,0.000000,0.000000,1.000000,0.000000,0.000000,0.000000,0.000000,0.000000,0.000000,0.000000,0.000000,0.000000,0.000000,0.000000,0.000000,0.000000,0.000000,
Between-subjects contrast matrix:,c[1;1],
,1.000000,
Overlap threshold:,0.000000

Results
ROI#,ROI size,average localizer mask size,inter-subject overlap,h[1;1],stderr[1;1],T/F,dof,p,p-fdr
1,2948,294,1.000000,0.126473,0.070515,1.793579,2.000000,0.107370,0.171619
2,1627,162,1.000000,0.070222,0.143468,0.489459,2.000000,0.336468,0.356824
3,644,64,1.000000,0.070864,0.167659,0.422663,2.000000,0.356824,0.356824
4,743,74,1.000000,0.263940,0.154071,1.713109,2.000000,0.114413,0.171619
5,462,46,1.000000,0.398765,0.156145,2.553816,2.000000,0.062589,0.171619
6,370,37,1.000000,0.481558,0.239610,2.009757,2.000000,0.091091,0.171619
