Contrast name:,Group (SamePath-SameAll)
Within-subjects contrast matrix:,c[1;1],c[1;2],c[1;3],c[1;4],c[1;5],c[1;6],c[1;7],c[1;8],c[1;9],c[1;10],c[1;11],c[1;12],c[1;13],c[1;14],c[1;15],c[1;16],c[1;17],c[1;18],c[1;19],
,0.000000,0.000000,0.000000,0.000000,0.000000,0.000000,0.000000,0.000000,0.000000,0.000000,0.000000,0.000000,0.000000,0.000000,0.000000,0.000000,0.000000,1.000000,0.000000,
Between-subjects contrast matrix:,c[1;1],
,1.000000,
Overlap threshold:,0.000000

Results
ROI#,ROI size,average localizer mask size,inter-subject overlap,h[1;1],stderr[1;1],T/F,dof,p,p-fdr
1,2948,294,1.000000,0.119225,0.106198,1.122667,2.000000,0.189124,0.283687
2,1627,162,1.000000,-0.049609,0.022064,-2.248449,2.000000,0.923242,0.923242
3,644,64,1.000000,0.002853,0.075404,0.037834,2.000000,0.486628,0.583954
4,743,74,1.000000,0.308583,0.116223,2.655104,2.000000,0.058696,0.176089
5,462,46,1.000000,0.334479,0.196823,1.699391,2.000000,0.115673,0.231346
6,370,37,1.000000,0.199153,0.063774,3.122798,2.000000,0.044529,0.176089
