Contrast name:,Group (SameAg-Cont)
Within-subjects contrast matrix:,c[1;1],c[1;2],c[1;3],c[1;4],c[1;5],c[1;6],c[1;7],c[1;8],c[1;9],c[1;10],c[1;11],c[1;12],c[1;13],c[1;14],c[1;15],c[1;16],c[1;17],c[1;18],c[1;19],
,0.000000,0.000000,0.000000,0.000000,0.000000,0.000000,0.000000,0.000000,0.000000,1.000000,0.000000,0.000000,0.000000,0.000000,0.000000,0.000000,0.000000,0.000000,0.000000,
Between-subjects contrast matrix:,c[1;1],
,1.000000,
Overlap threshold:,0.000000

Results
ROI#,ROI size,average localizer mask size,inter-subject overlap,h[1;1],stderr[1;1],T/F,dof,p,p-fdr
1,2948,294,1.000000,0.110358,0.151538,0.728258,2.000000,0.271090,0.554386
2,1627,162,1.000000,0.085337,0.121226,0.703950,2.000000,0.277193,0.554386
3,644,64,1.000000,-0.120444,0.067293,-1.789857,2.000000,0.892317,0.892317
4,743,74,1.000000,0.020074,0.220308,0.091120,2.000000,0.467851,0.701777
5,462,46,1.000000,0.079965,0.087387,0.915060,2.000000,0.228378,0.554386
6,370,37,1.000000,-0.083799,0.151884,-0.551730,2.000000,0.681726,0.818071
