Contrast name:,Group (DiffAll-SameAg)
Within-subjects contrast matrix:,c[1;1],c[1;2],c[1;3],c[1;4],c[1;5],c[1;6],c[1;7],c[1;8],c[1;9],c[1;10],c[1;11],c[1;12],c[1;13],c[1;14],c[1;15],c[1;16],c[1;17],c[1;18],c[1;19],
,0.000000,0.000000,0.000000,0.000000,0.000000,0.000000,0.000000,0.000000,0.000000,0.000000,0.000000,0.000000,0.000000,0.000000,0.000000,1.000000,0.000000,0.000000,0.000000,
Between-subjects contrast matrix:,c[1;1],
,1.000000,
Overlap threshold:,0.000000

Results
ROI#,ROI size,average localizer mask size,inter-subject overlap,h[1;1],stderr[1;1],T/F,dof,p,p-fdr
1,2948,294,1.000000,0.014755,0.145066,0.101711,2.000000,0.464132,0.586850
2,1627,162,1.000000,-0.077397,0.152206,-0.508503,2.000000,0.669179,0.669179
3,644,64,1.000000,0.074473,0.032779,2.272001,2.000000,0.075516,0.453094
4,743,74,1.000000,0.003118,0.100587,0.031003,2.000000,0.489042,0.586850
5,462,46,1.000000,0.082154,0.177206,0.463605,2.000000,0.344246,0.586850
6,370,37,1.000000,0.266447,0.247729,1.075559,2.000000,0.197323,0.586850
