Contrast name:,Group (DiffAll-SamePath)
Within-subjects contrast matrix:,c[1;1],c[1;2],c[1;3],c[1;4],c[1;5],c[1;6],c[1;7],c[1;8],c[1;9],c[1;10],c[1;11],c[1;12],c[1;13],c[1;14],c[1;15],c[1;16],c[1;17],c[1;18],c[1;19],
,0.000000,0.000000,0.000000,0.000000,0.000000,0.000000,0.000000,0.000000,0.000000,0.000000,0.000000,0.000000,0.000000,0.000000,1.000000,0.000000,0.000000,0.000000,0.000000,
Between-subjects contrast matrix:,c[1;1],
,1.000000,
Overlap threshold:,0.000000

Results
ROI#,ROI size,average localizer mask size,inter-subject overlap,h[1;1],stderr[1;1],T/F,dof,p,p-fdr
1,2948,294,1.000000,0.035570,0.027290,1.303424,2.000000,0.161141,0.241712
2,1627,162,1.000000,0.092522,0.062513,1.480035,2.000000,0.138499,0.241712
3,644,64,1.000000,0.133057,0.038168,3.486045,2.000000,0.036674,0.220047
4,743,74,1.000000,-0.146400,0.161383,-0.907153,2.000000,0.769961,0.909257
5,462,46,1.000000,-0.012676,0.006291,-2.014930,2.000000,0.909257,0.909257
6,370,37,1.000000,0.135234,0.081118,1.667120,2.000000,0.118710,0.241712
