Contrast name:,Group (SameAg-SameAll)
Within-subjects contrast matrix:,c[1;1],c[1;2],c[1;3],c[1;4],c[1;5],c[1;6],c[1;7],c[1;8],c[1;9],c[1;10],c[1;11],c[1;12],c[1;13],c[1;14],c[1;15],c[1;16],c[1;17],c[1;18],c[1;19],
,0.000000,0.000000,0.000000,0.000000,0.000000,0.000000,0.000000,0.000000,0.000000,0.000000,0.000000,0.000000,0.000000,0.000000,0.000000,0.000000,0.000000,0.000000,1.000000,
Between-subjects contrast matrix:,c[1;1],
,1.000000,
Overlap threshold:,0.000000

Results
ROI#,ROI size,average localizer mask size,inter-subject overlap,h[1;1],stderr[1;1],T/F,dof,p,p-fdr
1,2948,294,1.000000,0.140040,0.100478,1.393745,2.000000,0.149033,0.253009
2,1627,162,1.000000,0.120310,0.096148,1.251305,2.000000,0.168673,0.253009
3,644,64,1.000000,0.061437,0.075854,0.809931,2.000000,0.251512,0.290529
4,743,74,1.000000,0.159065,0.118983,1.336874,2.000000,0.156522,0.253009
5,462,46,1.000000,0.239650,0.016140,14.848450,2.000000,0.002253,0.013515
6,370,37,1.000000,0.067940,0.104123,0.652495,2.000000,0.290529,0.290529
