Contrast name:,Group (All-Cont)
Within-subjects contrast matrix:,c[1;1],c[1;2],c[1;3],c[1;4],c[1;5],c[1;6],c[1;7],c[1;8],c[1;9],c[1;10],c[1;11],c[1;12],c[1;13],c[1;14],c[1;15],c[1;16],c[1;17],c[1;18],c[1;19],
,0.000000,0.000000,0.000000,0.000000,0.000000,0.000000,0.000000,0.000000,0.000000,0.000000,0.000000,1.000000,0.000000,0.000000,0.000000,0.000000,0.000000,0.000000,0.000000,
Between-subjects contrast matrix:,c[1;1],
,1.000000,
Overlap threshold:,0.000000

Results
ROI#,ROI size,average localizer mask size,inter-subject overlap,h[1;1],stderr[1;1],T/F,dof,p,p-fdr
1,2948,294,1.000000,0.096889,0.057624,1.681394,2.000000,0.117354,0.370415
2,1627,162,1.000000,0.013202,0.062231,0.212140,2.000000,0.425827,0.510993
3,644,64,1.000000,-0.100306,0.049770,-2.015389,2.000000,0.909287,0.909287
4,743,74,1.000000,0.081657,0.178189,0.458262,2.000000,0.345870,0.510993
5,462,46,1.000000,0.151412,0.093544,1.618623,2.000000,0.123472,0.370415
6,370,37,1.000000,0.036670,0.095541,0.383817,2.000000,0.369038,0.510993
