Contrast name:,Group (SamePath-Cont)
Within-subjects contrast matrix:,c[1;1],c[1;2],c[1;3],c[1;4],c[1;5],c[1;6],c[1;7],c[1;8],c[1;9],c[1;10],c[1;11],c[1;12],c[1;13],c[1;14],c[1;15],c[1;16],c[1;17],c[1;18],c[1;19],
,0.000000,0.000000,0.000000,0.000000,0.000000,0.000000,0.000000,0.000000,1.000000,0.000000,0.000000,0.000000,0.000000,0.000000,0.000000,0.000000,0.000000,0.000000,0.000000,
Between-subjects contrast matrix:,c[1;1],
,1.000000,
Overlap threshold:,0.000000

Results
ROI#,ROI size,average localizer mask size,inter-subject overlap,h[1;1],stderr[1;1],T/F,dof,p,p-fdr
1,2948,294,1.000000,0.089543,0.044441,2.014888,2.000000,0.090746,0.330315
2,1627,162,1.000000,-0.084582,0.069533,-1.216425,2.000000,0.826051,0.911706
3,644,64,1.000000,-0.179028,0.087239,-2.052151,2.000000,0.911706,0.911706
4,743,74,1.000000,0.169592,0.179400,0.945329,2.000000,0.222137,0.333206
5,462,46,1.000000,0.174795,0.124645,1.402338,2.000000,0.147940,0.330315
6,370,37,1.000000,0.047415,0.037180,1.275277,2.000000,0.165157,0.330315
