Contrast name:,Group (All-Cont)
Within-subjects contrast matrix:,c[1;1],c[1;2],c[1;3],c[1;4],c[1;5],c[1;6],c[1;7],c[1;8],c[1;9],c[1;10],c[1;11],c[1;12],c[1;13],c[1;14],c[1;15],c[1;16],c[1;17],c[1;18],c[1;19],
,0.000000,0.000000,0.000000,0.000000,0.000000,0.000000,0.000000,0.000000,0.000000,0.000000,0.000000,1.000000,0.000000,0.000000,0.000000,0.000000,0.000000,0.000000,0.000000,
Between-subjects contrast matrix:,c[1;1],
,1.000000,
Overlap threshold:,0.000000

Results
ROI#,ROI size,average localizer mask size,inter-subject overlap,h[1;1],stderr[1;1],T/F,dof,p,p-fdr
1,2948,294,1.000000,-0.025006,0.070802,-0.353191,11.000000,0.634690,0.761627
2,1627,162,1.000000,-0.055319,0.057795,-0.957161,11.000000,0.820475,0.820475
3,644,64,1.000000,0.065286,0.066544,0.981088,11.000000,0.173818,0.513934
4,743,74,1.000000,0.042362,0.101774,0.416233,11.000000,0.342623,0.513934
5,462,46,1.000000,0.028640,0.063505,0.450995,11.000000,0.330377,0.513934
6,370,37,1.000000,0.057866,0.075162,0.769881,11.000000,0.228793,0.513934
