Contrast name:,Group (DiffAll-SameAg)
Within-subjects contrast matrix:,c[1;1],c[1;2],c[1;3],c[1;4],c[1;5],c[1;6],c[1;7],c[1;8],c[1;9],c[1;10],c[1;11],c[1;12],c[1;13],c[1;14],c[1;15],c[1;16],c[1;17],c[1;18],c[1;19],
,0.000000,0.000000,0.000000,0.000000,0.000000,0.000000,0.000000,0.000000,0.000000,0.000000,0.000000,0.000000,0.000000,0.000000,0.000000,1.000000,0.000000,0.000000,0.000000,
Between-subjects contrast matrix:,c[1;1],
,1.000000,
Overlap threshold:,0.000000

Results
ROI#,ROI size,average localizer mask size,inter-subject overlap,h[1;1],stderr[1;1],T/F,dof,p,p-fdr
1,2948,294,1.000000,0.078926,0.070579,1.118266,11.000000,0.143640,0.215460
2,1627,162,1.000000,0.087703,0.069329,1.265011,11.000000,0.116005,0.215460
3,644,64,1.000000,-0.056286,0.057385,-0.980841,11.000000,0.826124,0.826124
4,743,74,1.000000,0.101434,0.085141,1.191361,11.000000,0.129292,0.215460
5,462,46,1.000000,0.017648,0.104153,0.169440,11.000000,0.434263,0.521116
6,370,37,1.000000,0.284712,0.106559,2.671875,11.000000,0.010861,0.065163
