Contrast name:,Group (DiffAll-SamePath)
Within-subjects contrast matrix:,c[1;1],c[1;2],c[1;3],c[1;4],c[1;5],c[1;6],c[1;7],c[1;8],c[1;9],c[1;10],c[1;11],c[1;12],c[1;13],c[1;14],c[1;15],c[1;16],c[1;17],c[1;18],c[1;19],
,0.000000,0.000000,0.000000,0.000000,0.000000,0.000000,0.000000,0.000000,0.000000,0.000000,0.000000,0.000000,0.000000,0.000000,1.000000,0.000000,0.000000,0.000000,0.000000,
Between-subjects contrast matrix:,c[1;1],
,1.000000,
Overlap threshold:,0.000000

Results
ROI#,ROI size,average localizer mask size,inter-subject overlap,h[1;1],stderr[1;1],T/F,dof,p,p-fdr
1,2948,294,1.000000,0.058817,0.093184,0.631194,8.000000,0.272760,0.561654
2,1627,162,1.000000,0.050894,0.079616,0.639240,8.000000,0.270267,0.561654
3,644,64,1.000000,-0.109169,0.117264,-0.930965,8.000000,0.810446,0.810446
4,743,74,1.000000,0.031361,0.150719,0.208075,8.000000,0.420185,0.629945
5,462,46,1.000000,0.094281,0.155719,0.605458,8.000000,0.280827,0.561654
6,370,37,1.000000,-0.011787,0.182519,-0.064581,8.000000,0.524954,0.629945
