Contrast name:,Group (SameAll)
Within-subjects contrast matrix:,c[1;1],c[1;2],c[1;3],c[1;4],c[1;5],c[1;6],c[1;7],c[1;8],c[1;9],c[1;10],c[1;11],c[1;12],c[1;13],c[1;14],c[1;15],c[1;16],c[1;17],c[1;18],c[1;19],
,1.000000,0.000000,0.000000,0.000000,0.000000,0.000000,0.000000,0.000000,0.000000,0.000000,0.000000,0.000000,0.000000,0.000000,0.000000,0.000000,0.000000,0.000000,0.000000,
Between-subjects contrast matrix:,c[1;1],
,1.000000,
Overlap threshold:,0.000000

Results
ROI#,ROI size,average localizer mask size,inter-subject overlap,h[1;1],stderr[1;1],T/F,dof,p,p-fdr
1,2948,294,1.000000,-0.036635,0.087810,-0.417201,9.000000,0.656846,0.656846
2,1627,162,1.000000,-0.009746,0.087415,-0.111496,9.000000,0.543165,0.651798
3,644,64,1.000000,0.123808,0.135771,0.911892,9.000000,0.192800,0.651798
4,743,74,1.000000,-0.011220,0.118439,-0.094732,9.000000,0.536698,0.651798
5,462,46,1.000000,0.038803,0.087251,0.444733,9.000000,0.333508,0.651798
6,370,37,1.000000,-0.003333,0.144828,-0.023013,9.000000,0.508929,0.651798
