Contrast name:,Group (SameAg-Cont)
Within-subjects contrast matrix:,c[1;1],c[1;2],c[1;3],c[1;4],c[1;5],c[1;6],c[1;7],c[1;8],c[1;9],c[1;10],c[1;11],c[1;12],c[1;13],c[1;14],c[1;15],c[1;16],c[1;17],c[1;18],c[1;19],
,0.000000,0.000000,0.000000,0.000000,0.000000,0.000000,0.000000,0.000000,0.000000,1.000000,0.000000,0.000000,0.000000,0.000000,0.000000,0.000000,0.000000,0.000000,0.000000,
Between-subjects contrast matrix:,c[1;1],
,1.000000,
Overlap threshold:,0.000000

Results
ROI#,ROI size,average localizer mask size,inter-subject overlap,h[1;1],stderr[1;1],T/F,dof,p,p-fdr
1,2948,294,1.000000,-0.021419,0.117922,-0.181641,9.000000,0.570055,0.743494
2,1627,162,1.000000,-0.066242,0.099411,-0.666347,9.000000,0.739049,0.743494
3,644,64,1.000000,0.102549,0.112569,0.910981,9.000000,0.193027,0.743494
4,743,74,1.000000,0.008896,0.148698,0.059823,9.000000,0.476802,0.743494
5,462,46,1.000000,0.051509,0.100213,0.513992,9.000000,0.309820,0.743494
6,370,37,1.000000,-0.078996,0.116000,-0.680998,9.000000,0.743494,0.743494
