Contrast name:,Group (SamePath-Cont)
Within-subjects contrast matrix:,c[1;1],c[1;2],c[1;3],c[1;4],c[1;5],c[1;6],c[1;7],c[1;8],c[1;9],c[1;10],c[1;11],c[1;12],c[1;13],c[1;14],c[1;15],c[1;16],c[1;17],c[1;18],c[1;19],
,0.000000,0.000000,0.000000,0.000000,0.000000,0.000000,0.000000,0.000000,1.000000,0.000000,0.000000,0.000000,0.000000,0.000000,0.000000,0.000000,0.000000,0.000000,0.000000,
Between-subjects contrast matrix:,c[1;1],
,1.000000,
Overlap threshold:,0.000000

Results
ROI#,ROI size,average localizer mask size,inter-subject overlap,h[1;1],stderr[1;1],T/F,dof,p,p-fdr
1,2948,294,1.000000,0.004278,0.092752,0.046119,11.000000,0.482021,0.668949
2,1627,162,1.000000,-0.043609,0.077277,-0.564322,11.000000,0.708071,0.708071
3,644,64,1.000000,0.072821,0.100079,0.727634,11.000000,0.241019,0.493674
4,743,74,1.000000,0.116539,0.164603,0.708000,11.000000,0.246837,0.493674
5,462,46,1.000000,-0.018165,0.122807,-0.147917,11.000000,0.557458,0.668949
6,370,37,1.000000,0.142478,0.147815,0.963898,11.000000,0.177905,0.493674
