Contrast name:,Group (SameAg-Cont)
Within-subjects contrast matrix:,c[1;1],c[1;2],c[1;3],c[1;4],c[1;5],c[1;6],c[1;7],c[1;8],c[1;9],c[1;10],c[1;11],c[1;12],c[1;13],c[1;14],c[1;15],c[1;16],c[1;17],c[1;18],c[1;19],
,0.000000,0.000000,0.000000,0.000000,0.000000,0.000000,0.000000,0.000000,0.000000,1.000000,0.000000,0.000000,0.000000,0.000000,0.000000,0.000000,0.000000,0.000000,0.000000,
Between-subjects contrast matrix:,c[1;1],
,1.000000,
Overlap threshold:,0.500000

Results
ROI#,ROI size,average localizer mask size,inter-subject overlap,h[1;1],stderr[1;1],T/F,dof,p,p-fdr
1,2948,294,1.000000,0.041947,0.114805,0.365379,8.000000,0.362150,0.496773
2,1627,162,1.000000,-0.055824,0.105198,-0.530660,8.000000,0.694967,0.694967
3,644,64,1.000000,0.117396,0.125141,0.938110,8.000000,0.187821,0.496773
4,743,74,1.000000,0.079227,0.154220,0.513726,8.000000,0.310664,0.496773
5,462,46,1.000000,0.071472,0.106812,0.669133,8.000000,0.261124,0.496773
6,370,37,1.000000,0.019724,0.087834,0.224554,8.000000,0.413978,0.496773
