Contrast name:,Group (All-Cont)
Within-subjects contrast matrix:,c[1;1],c[1;2],c[1;3],c[1;4],c[1;5],c[1;6],c[1;7],c[1;8],c[1;9],c[1;10],c[1;11],c[1;12],c[1;13],c[1;14],c[1;15],c[1;16],c[1;17],c[1;18],c[1;19],
,0.000000,0.000000,0.000000,0.000000,0.000000,0.000000,0.000000,0.000000,0.000000,0.000000,0.000000,1.000000,0.000000,0.000000,0.000000,0.000000,0.000000,0.000000,0.000000,
Between-subjects contrast matrix:,c[1;1],
,1.000000,
Overlap threshold:,0.000000

Results
ROI#,ROI size,average localizer mask size,inter-subject overlap,h[1;1],stderr[1;1],T/F,dof,p,p-fdr
1,2948,294,1.000000,0.004408,0.082538,0.053407,8.000000,0.479359,0.575230
2,1627,162,1.000000,-0.032912,0.071652,-0.459333,8.000000,0.670890,0.670890
3,644,64,1.000000,0.114017,0.082484,1.382288,8.000000,0.102123,0.407910
4,743,74,1.000000,0.109313,0.125162,0.873373,8.000000,0.203955,0.407910
5,462,46,1.000000,0.030784,0.075252,0.409071,8.000000,0.346610,0.519915
6,370,37,1.000000,0.094490,0.089745,1.052871,8.000000,0.161580,0.407910
