Contrast name:,Group (DiffAll-SameAg)
Within-subjects contrast matrix:,c[1;1],c[1;2],c[1;3],c[1;4],c[1;5],c[1;6],c[1;7],c[1;8],c[1;9],c[1;10],c[1;11],c[1;12],c[1;13],c[1;14],c[1;15],c[1;16],c[1;17],c[1;18],c[1;19],
,0.000000,0.000000,0.000000,0.000000,0.000000,0.000000,0.000000,0.000000,0.000000,0.000000,0.000000,0.000000,0.000000,0.000000,0.000000,1.000000,0.000000,0.000000,0.000000,
Between-subjects contrast matrix:,c[1;1],
,1.000000,
Overlap threshold:,0.000000

Results
ROI#,ROI size,average localizer mask size,inter-subject overlap,h[1;1],stderr[1;1],T/F,dof,p,p-fdr
1,2948,294,1.000000,0.020205,0.078963,0.255877,8.000000,0.402251,0.603377
2,1627,162,1.000000,0.065477,0.088333,0.741260,8.000000,0.239863,0.479727
3,644,64,1.000000,-0.091148,0.072310,-1.260517,8.000000,0.878498,0.878498
4,743,74,1.000000,0.094492,0.113601,0.831784,8.000000,0.214829,0.479727
5,462,46,1.000000,-0.042230,0.127689,-0.330722,8.000000,0.625325,0.750390
6,370,37,1.000000,0.136304,0.076971,1.770854,8.000000,0.057268,0.343611
