Contrast name:,Group (Cont)
Within-subjects contrast matrix:,c[1;1],c[1;2],c[1;3],c[1;4],c[1;5],c[1;6],c[1;7],c[1;8],c[1;9],c[1;10],c[1;11],c[1;12],c[1;13],c[1;14],c[1;15],c[1;16],c[1;17],c[1;18],c[1;19],
,0.000000,0.000000,0.000000,0.000000,0.000000,1.000000,0.000000,0.000000,0.000000,0.000000,0.000000,0.000000,0.000000,0.000000,0.000000,0.000000,0.000000,0.000000,0.000000,
Between-subjects contrast matrix:,c[1;1],
,1.000000,
Overlap threshold:,0.500000

Results
ROI#,ROI size,average localizer mask size,inter-subject overlap,h[1;1],stderr[1;1],T/F,dof,p,p-fdr
1,2948,294,1.000000,0.047932,0.088206,0.543412,8.000000,0.300828,0.451241
2,1627,162,1.000000,0.006794,0.083632,0.081234,8.000000,0.468626,0.468626
3,644,64,1.000000,0.200565,0.095236,2.105984,8.000000,0.034149,0.204896
4,743,74,1.000000,0.073233,0.115052,0.636521,8.000000,0.271108,0.451241
5,462,46,1.000000,0.168188,0.117826,1.427432,8.000000,0.095651,0.286952
6,370,37,1.000000,0.038714,0.142989,0.270745,8.000000,0.396721,0.468626
