Contrast name:,Group (DiffAll-SameAll)
Within-subjects contrast matrix:,c[1;1],c[1;2],c[1;3],c[1;4],c[1;5],c[1;6],c[1;7],c[1;8],c[1;9],c[1;10],c[1;11],c[1;12],c[1;13],c[1;14],c[1;15],c[1;16],c[1;17],c[1;18],c[1;19],
,0.000000,0.000000,0.000000,0.000000,0.000000,0.000000,0.000000,0.000000,0.000000,0.000000,0.000000,0.000000,1.000000,0.000000,0.000000,0.000000,0.000000,0.000000,0.000000,
Between-subjects contrast matrix:,c[1;1],
,1.000000,
Overlap threshold:,0.500000

Results
ROI#,ROI size,average localizer mask size,inter-subject overlap,h[1;1],stderr[1;1],T/F,dof,p,p-fdr
1,2948,294,1.000000,0.128412,0.112550,1.140937,8.000000,0.143449,0.286897
2,1627,162,1.000000,0.063812,0.104756,0.609146,8.000000,0.279662,0.419493
3,644,64,1.000000,-0.089264,0.147097,-0.606837,8.000000,0.719609,0.719609
4,743,74,1.000000,0.214670,0.105372,2.037263,8.000000,0.037998,0.227988
5,462,46,1.000000,0.022864,0.150915,0.151500,8.000000,0.441666,0.529999
6,370,37,1.000000,0.180297,0.115141,1.565885,8.000000,0.078004,0.234013
