Contrast name:,Group (SameMan)
Within-subjects contrast matrix:,c[1;1],c[1;2],c[1;3],c[1;4],c[1;5],c[1;6],c[1;7],c[1;8],c[1;9],c[1;10],c[1;11],c[1;12],c[1;13],c[1;14],c[1;15],c[1;16],c[1;17],c[1;18],c[1;19],
,0.000000,1.000000,0.000000,0.000000,0.000000,0.000000,0.000000,0.000000,0.000000,0.000000,0.000000,0.000000,0.000000,0.000000,0.000000,0.000000,0.000000,0.000000,0.000000,
Between-subjects contrast matrix:,c[1;1],
,1.000000,
Overlap threshold:,0.000000

Results
ROI#,ROI size,average localizer mask size,inter-subject overlap,h[1;1],stderr[1;1],T/F,dof,p,p-fdr
1,2948,294,1.000000,0.042484,0.067506,0.629330,9.000000,0.272387,0.326865
2,1627,162,1.000000,0.008177,0.060037,0.136206,9.000000,0.447328,0.447328
3,644,64,1.000000,0.270141,0.142620,1.894133,9.000000,0.045368,0.136103
4,743,74,1.000000,0.210774,0.144159,1.462093,9.000000,0.088868,0.141358
5,462,46,1.000000,0.300673,0.155481,1.933824,9.000000,0.042574,0.136103
6,370,37,1.000000,0.248106,0.174361,1.422943,9.000000,0.094239,0.141358
