Contrast name:,Group (DiffAll)
Within-subjects contrast matrix:,c[1;1],c[1;2],c[1;3],c[1;4],c[1;5],c[1;6],c[1;7],c[1;8],c[1;9],c[1;10],c[1;11],c[1;12],c[1;13],c[1;14],c[1;15],c[1;16],c[1;17],c[1;18],c[1;19],
,0.000000,0.000000,0.000000,0.000000,1.000000,0.000000,0.000000,0.000000,0.000000,0.000000,0.000000,0.000000,0.000000,0.000000,0.000000,0.000000,0.000000,0.000000,0.000000,
Between-subjects contrast matrix:,c[1;1],
,1.000000,
Overlap threshold:,0.000000

Results
ROI#,ROI size,average localizer mask size,inter-subject overlap,h[1;1],stderr[1;1],T/F,dof,p,p-fdr
1,2948,294,1.000000,0.229002,0.081501,2.809813,9.000000,0.010192,0.020383
2,1627,162,1.000000,0.153187,0.080728,1.897565,9.000000,0.045119,0.054143
3,644,64,1.000000,0.200547,0.166889,1.201678,9.000000,0.130077,0.130077
4,743,74,1.000000,0.282951,0.081111,3.488454,9.000000,0.003423,0.012549
5,462,46,1.000000,0.288487,0.085815,3.361752,9.000000,0.004183,0.012549
6,370,37,1.000000,0.385278,0.162309,2.373733,9.000000,0.020827,0.031240
