Contrast name:,Group (SameAg)
Within-subjects contrast matrix:,c[1;1],c[1;2],c[1;3],c[1;4],c[1;5],c[1;6],c[1;7],c[1;8],c[1;9],c[1;10],c[1;11],c[1;12],c[1;13],c[1;14],c[1;15],c[1;16],c[1;17],c[1;18],c[1;19],
,0.000000,0.000000,0.000000,1.000000,0.000000,0.000000,0.000000,0.000000,0.000000,0.000000,0.000000,0.000000,0.000000,0.000000,0.000000,0.000000,0.000000,0.000000,0.000000,
Between-subjects contrast matrix:,c[1;1],
,1.000000,
Overlap threshold:,0.500000

Results
ROI#,ROI size,average localizer mask size,inter-subject overlap,h[1;1],stderr[1;1],T/F,dof,p,p-fdr
1,2948,294,1.000000,0.089880,0.066939,1.342713,8.000000,0.108107,0.162161
2,1627,162,1.000000,-0.049030,0.089385,-0.548533,8.000000,0.700852,0.700852
3,644,64,1.000000,0.317961,0.185272,1.716183,8.000000,0.062232,0.162161
4,743,74,1.000000,0.152460,0.106419,1.432643,8.000000,0.094927,0.162161
5,462,46,1.000000,0.239660,0.137033,1.748923,8.000000,0.059213,0.162161
6,370,37,1.000000,0.058437,0.125529,0.465529,8.000000,0.326982,0.392378
