Contrast name:,Group (DiffAll-SameAll)
Within-subjects contrast matrix:,c[1;1],c[1;2],c[1;3],c[1;4],c[1;5],c[1;6],c[1;7],c[1;8],c[1;9],c[1;10],c[1;11],c[1;12],c[1;13],c[1;14],c[1;15],c[1;16],c[1;17],c[1;18],c[1;19],
,0.000000,0.000000,0.000000,0.000000,0.000000,0.000000,0.000000,0.000000,0.000000,0.000000,0.000000,0.000000,1.000000,0.000000,0.000000,0.000000,0.000000,0.000000,0.000000,
Between-subjects contrast matrix:,c[1;1],
,1.000000,
Overlap threshold:,0.000000

Results
ROI#,ROI size,average localizer mask size,inter-subject overlap,h[1;1],stderr[1;1],T/F,dof,p,p-fdr
1,2948,294,1.000000,0.164279,0.088877,1.848387,11.000000,0.045793,0.091586
2,1627,162,1.000000,0.095897,0.081043,1.183283,11.000000,0.130820,0.196230
3,644,64,1.000000,-0.035360,0.114696,-0.308291,11.000000,0.618190,0.618190
4,743,74,1.000000,0.204683,0.078867,2.595293,11.000000,0.012451,0.037353
5,462,46,1.000000,0.103700,0.125127,0.828757,11.000000,0.212430,0.254916
6,370,37,1.000000,0.273961,0.099470,2.754202,11.000000,0.009375,0.037353
