Contrast name:,Group (DiffAll)
Within-subjects contrast matrix:,c[1;1],c[1;2],c[1;3],c[1;4],c[1;5],c[1;6],c[1;7],c[1;8],c[1;9],c[1;10],c[1;11],c[1;12],c[1;13],c[1;14],c[1;15],c[1;16],c[1;17],c[1;18],c[1;19],
,0.000000,0.000000,0.000000,0.000000,1.000000,0.000000,0.000000,0.000000,0.000000,0.000000,0.000000,0.000000,0.000000,0.000000,0.000000,0.000000,0.000000,0.000000,0.000000,
Between-subjects contrast matrix:,c[1;1],
,1.000000,
Overlap threshold:,0.500000

Results
ROI#,ROI size,average localizer mask size,inter-subject overlap,h[1;1],stderr[1;1],T/F,dof,p,p-fdr
1,2948,294,1.000000,0.110084,0.065453,1.681888,8.000000,0.065547,0.098321
2,1627,162,1.000000,0.016447,0.088513,0.185814,8.000000,0.428608,0.428608
3,644,64,1.000000,0.226813,0.182071,1.245738,8.000000,0.124053,0.148864
4,743,74,1.000000,0.246952,0.050984,4.843698,8.000000,0.000641,0.003846
5,462,46,1.000000,0.197430,0.091938,2.147433,8.000000,0.032015,0.096046
6,370,37,1.000000,0.194742,0.112635,1.728966,8.000000,0.061037,0.098321
