Contrast name:,Group (DiffAll-SameMan)
Within-subjects contrast matrix:,c[1;1],c[1;2],c[1;3],c[1;4],c[1;5],c[1;6],c[1;7],c[1;8],c[1;9],c[1;10],c[1;11],c[1;12],c[1;13],c[1;14],c[1;15],c[1;16],c[1;17],c[1;18],c[1;19],
,0.000000,0.000000,0.000000,0.000000,0.000000,0.000000,0.000000,0.000000,0.000000,0.000000,0.000000,0.000000,0.000000,1.000000,0.000000,0.000000,0.000000,0.000000,0.000000,
Between-subjects contrast matrix:,c[1;1],
,1.000000,
Overlap threshold:,0.000000

Results
ROI#,ROI size,average localizer mask size,inter-subject overlap,h[1;1],stderr[1;1],T/F,dof,p,p-fdr
1,2948,294,1.000000,0.186518,0.107271,1.738751,9.000000,0.058039,0.263249
2,1627,162,1.000000,0.145010,0.098612,1.470507,9.000000,0.087750,0.263249
3,644,64,1.000000,-0.069595,0.124446,-0.559235,9.000000,0.705178,0.705178
4,743,74,1.000000,0.072177,0.161048,0.448168,9.000000,0.332313,0.498470
5,462,46,1.000000,-0.012186,0.128449,-0.094868,9.000000,0.536751,0.644101
6,370,37,1.000000,0.137172,0.172616,0.794668,9.000000,0.223627,0.447255
