Contrast name:,Group (SameAg-Cont)
Within-subjects contrast matrix:,c[1;1],c[1;2],c[1;3],c[1;4],c[1;5],c[1;6],c[1;7],c[1;8],c[1;9],c[1;10],c[1;11],c[1;12],c[1;13],c[1;14],c[1;15],c[1;16],c[1;17],c[1;18],c[1;19],
,0.000000,0.000000,0.000000,0.000000,0.000000,0.000000,0.000000,0.000000,0.000000,1.000000,0.000000,0.000000,0.000000,0.000000,0.000000,0.000000,0.000000,0.000000,0.000000,
Between-subjects contrast matrix:,c[1;1],
,1.000000,
Overlap threshold:,0.000000

Results
ROI#,ROI size,average localizer mask size,inter-subject overlap,h[1;1],stderr[1;1],T/F,dof,p,p-fdr
1,2948,294,1.000000,-0.020425,0.098314,-0.207747,11.000000,0.580389,0.822667
2,1627,162,1.000000,-0.080073,0.082867,-0.966285,11.000000,0.822667,0.822667
3,644,64,1.000000,0.073881,0.095589,0.772905,11.000000,0.227933,0.822667
4,743,74,1.000000,-0.002441,0.123505,-0.019763,11.000000,0.507707,0.822667
5,462,46,1.000000,0.030505,0.084172,0.362420,11.000000,0.361953,0.822667
6,370,37,1.000000,-0.092149,0.096767,-0.952277,11.000000,0.819294,0.822667
