Contrast name:,Group (SameAll-Cont)
Within-subjects contrast matrix:,c[1;1],c[1;2],c[1;3],c[1;4],c[1;5],c[1;6],c[1;7],c[1;8],c[1;9],c[1;10],c[1;11],c[1;12],c[1;13],c[1;14],c[1;15],c[1;16],c[1;17],c[1;18],c[1;19],
,0.000000,0.000000,0.000000,0.000000,0.000000,0.000000,0.000000,0.000000,0.000000,0.000000,1.000000,0.000000,0.000000,0.000000,0.000000,0.000000,0.000000,0.000000,0.000000,
Between-subjects contrast matrix:,c[1;1],
,1.000000,
Overlap threshold:,0.000000

Results
ROI#,ROI size,average localizer mask size,inter-subject overlap,h[1;1],stderr[1;1],T/F,dof,p,p-fdr
1,2948,294,1.000000,-0.105778,0.089547,-1.181250,11.000000,0.868794,0.912043
2,1627,162,1.000000,-0.088268,0.076984,-1.146576,11.000000,0.862057,0.912043
3,644,64,1.000000,0.052955,0.080149,0.660715,11.000000,0.261196,0.912043
4,743,74,1.000000,-0.105690,0.073064,-1.446536,11.000000,0.912043,0.912043
5,462,46,1.000000,-0.055547,0.074869,-0.741921,11.000000,0.763160,0.912043
6,370,37,1.000000,-0.081397,0.069240,-1.175582,11.000000,0.867710,0.912043
