Contrast name:,Group (DiffAll-SamePath)
Within-subjects contrast matrix:,c[1;1],c[1;2],c[1;3],c[1;4],c[1;5],c[1;6],c[1;7],c[1;8],c[1;9],c[1;10],c[1;11],c[1;12],c[1;13],c[1;14],c[1;15],c[1;16],c[1;17],c[1;18],c[1;19],
,0.000000,0.000000,0.000000,0.000000,0.000000,0.000000,0.000000,0.000000,0.000000,0.000000,0.000000,0.000000,0.000000,0.000000,1.000000,0.000000,0.000000,0.000000,0.000000,
Between-subjects contrast matrix:,c[1;1],
,1.000000,
Overlap threshold:,0.000000

Results
ROI#,ROI size,average localizer mask size,inter-subject overlap,h[1;1],stderr[1;1],T/F,dof,p,p-fdr
1,2948,294,1.000000,0.056738,0.083107,0.682715,9.000000,0.255988,0.574295
2,1627,162,1.000000,0.065416,0.065399,1.000260,9.000000,0.171659,0.574295
3,644,64,1.000000,-0.052434,0.108274,-0.484267,9.000000,0.680118,0.680118
4,743,74,1.000000,-0.045939,0.134064,-0.342663,9.000000,0.630140,0.680118
5,462,46,1.000000,0.061790,0.137422,0.449639,9.000000,0.331802,0.574295
6,370,37,1.000000,0.050929,0.165818,0.307137,9.000000,0.382864,0.574295
