Contrast name:,Group (SamePath-SameAll)
Within-subjects contrast matrix:,c[1;1],c[1;2],c[1;3],c[1;4],c[1;5],c[1;6],c[1;7],c[1;8],c[1;9],c[1;10],c[1;11],c[1;12],c[1;13],c[1;14],c[1;15],c[1;16],c[1;17],c[1;18],c[1;19],
,0.000000,0.000000,0.000000,0.000000,0.000000,0.000000,0.000000,0.000000,0.000000,0.000000,0.000000,0.000000,0.000000,0.000000,0.000000,0.000000,0.000000,1.000000,0.000000,
Between-subjects contrast matrix:,c[1;1],
,1.000000,
Overlap threshold:,0.000000

Results
ROI#,ROI size,average localizer mask size,inter-subject overlap,h[1;1],stderr[1;1],T/F,dof,p,p-fdr
1,2948,294,1.000000,0.069595,0.138640,0.501984,8.000000,0.314601,0.549700
2,1627,162,1.000000,0.012918,0.118915,0.108635,8.000000,0.458084,0.549700
3,644,64,1.000000,0.019905,0.143741,0.138476,8.000000,0.446643,0.549700
4,743,74,1.000000,0.183309,0.194091,0.944448,8.000000,0.186293,0.549700
5,462,46,1.000000,-0.071418,0.157532,-0.453355,8.000000,0.668832,0.668832
6,370,37,1.000000,0.192085,0.200582,0.957638,8.000000,0.183143,0.549700
