Contrast name:,Group (SameAg-SameAll)
Within-subjects contrast matrix:,c[1;1],c[1;2],c[1;3],c[1;4],c[1;5],c[1;6],c[1;7],c[1;8],c[1;9],c[1;10],c[1;11],c[1;12],c[1;13],c[1;14],c[1;15],c[1;16],c[1;17],c[1;18],c[1;19],
,0.000000,0.000000,0.000000,0.000000,0.000000,0.000000,0.000000,0.000000,0.000000,0.000000,0.000000,0.000000,0.000000,0.000000,0.000000,0.000000,0.000000,0.000000,1.000000,
Between-subjects contrast matrix:,c[1;1],
,1.000000,
Overlap threshold:,0.000000

Results
ROI#,ROI size,average localizer mask size,inter-subject overlap,h[1;1],stderr[1;1],T/F,dof,p,p-fdr
1,2948,294,1.000000,0.085353,0.104357,0.817895,11.000000,0.215389,0.430777
2,1627,162,1.000000,0.008194,0.107632,0.076133,11.000000,0.470340,0.542950
3,644,64,1.000000,0.020926,0.112857,0.185420,11.000000,0.428137,0.542950
4,743,74,1.000000,0.103249,0.096510,1.069828,11.000000,0.153805,0.430777
5,462,46,1.000000,0.086052,0.102869,0.836525,11.000000,0.210330,0.430777
6,370,37,1.000000,-0.010751,0.097409,-0.110374,11.000000,0.542950,0.542950
