Contrast name:,Group (Cont)
Within-subjects contrast matrix:,c[1;1],c[1;2],c[1;3],c[1;4],c[1;5],c[1;6],c[1;7],c[1;8],c[1;9],c[1;10],c[1;11],c[1;12],c[1;13],c[1;14],c[1;15],c[1;16],c[1;17],c[1;18],c[1;19],
,0.000000,0.000000,0.000000,0.000000,0.000000,1.000000,0.000000,0.000000,0.000000,0.000000,0.000000,0.000000,0.000000,0.000000,0.000000,0.000000,0.000000,0.000000,0.000000,
Between-subjects contrast matrix:,c[1;1],
,1.000000,
Overlap threshold:,0.000000

Results
ROI#,ROI size,average localizer mask size,inter-subject overlap,h[1;1],stderr[1;1],T/F,dof,p,p-fdr
1,2948,294,1.000000,0.123155,0.095007,1.296272,11.000000,0.110709,0.132851
2,1627,162,1.000000,0.086432,0.082358,1.049461,11.000000,0.158238,0.158238
3,644,64,1.000000,0.184274,0.075598,2.437538,11.000000,0.016483,0.054581
4,743,74,1.000000,0.184374,0.117010,1.575720,11.000000,0.071697,0.132851
5,462,46,1.000000,0.226918,0.095273,2.381768,11.000000,0.018194,0.054581
6,370,37,1.000000,0.204080,0.148942,1.370197,11.000000,0.098970,0.132851
