Contrast name:,Group (SameAll-Cont)
Within-subjects contrast matrix:,c[1;1],c[1;2],c[1;3],c[1;4],c[1;5],c[1;6],c[1;7],c[1;8],c[1;9],c[1;10],c[1;11],c[1;12],c[1;13],c[1;14],c[1;15],c[1;16],c[1;17],c[1;18],c[1;19],
,0.000000,0.000000,0.000000,0.000000,0.000000,0.000000,0.000000,0.000000,0.000000,0.000000,1.000000,0.000000,0.000000,0.000000,0.000000,0.000000,0.000000,0.000000,0.000000,
Between-subjects contrast matrix:,c[1;1],
,1.000000,
Overlap threshold:,0.000000

Results
ROI#,ROI size,average localizer mask size,inter-subject overlap,h[1;1],stderr[1;1],T/F,dof,p,p-fdr
1,2948,294,1.000000,-0.187608,0.081959,-2.289057,9.000000,0.976076,0.980168
2,1627,162,1.000000,-0.129520,0.077654,-1.667917,9.000000,0.935161,0.980168
3,644,64,1.000000,-0.021117,0.073936,-0.285613,9.000000,0.609181,0.980168
4,743,74,1.000000,-0.140750,0.081004,-1.737557,9.000000,0.941852,0.980168
5,462,46,1.000000,-0.140378,0.058403,-2.403596,9.000000,0.980168,0.980168
6,370,37,1.000000,-0.136668,0.069664,-1.961809,9.000000,0.959296,0.980168
