Contrast name:,Group (DiffAll-SamePath)
Within-subjects contrast matrix:,c[1;1],c[1;2],c[1;3],c[1;4],c[1;5],c[1;6],c[1;7],c[1;8],c[1;9],c[1;10],c[1;11],c[1;12],c[1;13],c[1;14],c[1;15],c[1;16],c[1;17],c[1;18],c[1;19],
,0.000000,0.000000,0.000000,0.000000,0.000000,0.000000,0.000000,0.000000,0.000000,0.000000,0.000000,0.000000,0.000000,0.000000,1.000000,0.000000,0.000000,0.000000,0.000000,
Between-subjects contrast matrix:,c[1;1],
,1.000000,
Overlap threshold:,0.000000

Results
ROI#,ROI size,average localizer mask size,inter-subject overlap,h[1;1],stderr[1;1],T/F,dof,p,p-fdr
1,2948,294,1.000000,0.054224,0.069040,0.785399,11.000000,0.224403,0.543626
2,1627,162,1.000000,0.051238,0.062742,0.816653,11.000000,0.215729,0.543626
3,644,64,1.000000,-0.055225,0.091518,-0.603431,11.000000,0.720770,0.720770
4,743,74,1.000000,-0.017546,0.119295,-0.147084,11.000000,0.557137,0.668564
5,462,46,1.000000,0.066319,0.115944,0.571990,11.000000,0.289415,0.543626
6,370,37,1.000000,0.050085,0.138686,0.361141,11.000000,0.362417,0.543626
