Contrast name:,Group (SamePath)
Within-subjects contrast matrix:,c[1;1],c[1;2],c[1;3],c[1;4],c[1;5],c[1;6],c[1;7],c[1;8],c[1;9],c[1;10],c[1;11],c[1;12],c[1;13],c[1;14],c[1;15],c[1;16],c[1;17],c[1;18],c[1;19],
,0.000000,0.000000,1.000000,0.000000,0.000000,0.000000,0.000000,0.000000,0.000000,0.000000,0.000000,0.000000,0.000000,0.000000,0.000000,0.000000,0.000000,0.000000,0.000000,
Between-subjects contrast matrix:,c[1;1],
,1.000000,
Overlap threshold:,0.000000

Results
ROI#,ROI size,average localizer mask size,inter-subject overlap,h[1;1],stderr[1;1],T/F,dof,p,p-fdr
1,2948,294,1.000000,0.172263,0.092992,1.852457,9.000000,0.048485,0.103186
2,1627,162,1.000000,0.087771,0.086667,1.012739,9.000000,0.168818,0.168818
3,644,64,1.000000,0.252980,0.170540,1.483408,9.000000,0.086059,0.103270
4,743,74,1.000000,0.328890,0.131794,2.495491,9.000000,0.017057,0.102340
5,462,46,1.000000,0.226697,0.139255,1.627931,9.000000,0.068991,0.103270
6,370,37,1.000000,0.334349,0.184383,1.813346,9.000000,0.051593,0.103186
