Contrast name:,Group (DiffAll)
Within-subjects contrast matrix:,c[1;1],c[1;2],c[1;3],c[1;4],c[1;5],c[1;6],c[1;7],c[1;8],c[1;9],c[1;10],c[1;11],c[1;12],c[1;13],c[1;14],c[1;15],c[1;16],c[1;17],c[1;18],c[1;19],
,0.000000,0.000000,0.000000,0.000000,1.000000,0.000000,0.000000,0.000000,0.000000,0.000000,0.000000,0.000000,0.000000,0.000000,0.000000,0.000000,0.000000,0.000000,0.000000,
Between-subjects contrast matrix:,c[1;1],
,1.000000,
Overlap threshold:,0.000000

Results
ROI#,ROI size,average localizer mask size,inter-subject overlap,h[1;1],stderr[1;1],T/F,dof,p,p-fdr
1,2948,294,1.000000,0.181657,0.074522,2.437629,11.000000,0.016480,0.024721
2,1627,162,1.000000,0.094061,0.083213,1.130362,11.000000,0.141184,0.141184
3,644,64,1.000000,0.201869,0.138376,1.458844,11.000000,0.086282,0.103539
4,743,74,1.000000,0.283367,0.067737,4.183358,11.000000,0.000764,0.004584
5,462,46,1.000000,0.275071,0.084622,3.250598,11.000000,0.003864,0.011591
6,370,37,1.000000,0.396643,0.148243,2.675631,11.000000,0.010788,0.021576
