Contrast name:,Group (SameMan-Cont)
Within-subjects contrast matrix:,c[1;1],c[1;2],c[1;3],c[1;4],c[1;5],c[1;6],c[1;7],c[1;8],c[1;9],c[1;10],c[1;11],c[1;12],c[1;13],c[1;14],c[1;15],c[1;16],c[1;17],c[1;18],c[1;19],
,0.000000,0.000000,0.000000,0.000000,0.000000,0.000000,0.000000,1.000000,0.000000,0.000000,0.000000,0.000000,0.000000,0.000000,0.000000,0.000000,0.000000,0.000000,0.000000,
Between-subjects contrast matrix:,c[1;1],
,1.000000,
Overlap threshold:,0.000000

Results
ROI#,ROI size,average localizer mask size,inter-subject overlap,h[1;1],stderr[1;1],T/F,dof,p,p-fdr
1,2948,294,1.000000,-0.061609,0.117442,-0.524591,11.000000,0.694862,0.754600
2,1627,162,1.000000,-0.072274,0.101391,-0.712822,11.000000,0.754600,0.754600
3,644,64,1.000000,0.109176,0.081220,1.344209,11.000000,0.102973,0.400936
4,743,74,1.000000,0.104408,0.162855,0.641108,11.000000,0.267291,0.400936
5,462,46,1.000000,0.138256,0.125784,1.099152,11.000000,0.147588,0.400936
6,370,37,1.000000,0.127836,0.154097,0.829581,11.000000,0.212207,0.400936
