Contrast name:,Group (SameMan-Cont)
Within-subjects contrast matrix:,c[1;1],c[1;2],c[1;3],c[1;4],c[1;5],c[1;6],c[1;7],c[1;8],c[1;9],c[1;10],c[1;11],c[1;12],c[1;13],c[1;14],c[1;15],c[1;16],c[1;17],c[1;18],c[1;19],
,0.000000,0.000000,0.000000,0.000000,0.000000,0.000000,0.000000,1.000000,0.000000,0.000000,0.000000,0.000000,0.000000,0.000000,0.000000,0.000000,0.000000,0.000000,0.000000,
Between-subjects contrast matrix:,c[1;1],
,1.000000,
Overlap threshold:,0.500000

Results
ROI#,ROI size,average localizer mask size,inter-subject overlap,h[1;1],stderr[1;1],T/F,dof,p,p-fdr
1,2948,294,1.000000,-0.019134,0.118826,-0.161027,8.000000,0.561968,0.577596
2,1627,162,1.000000,-0.022990,0.113700,-0.202198,8.000000,0.577596,0.577596
3,644,64,1.000000,0.175512,0.097763,1.795285,8.000000,0.055173,0.271316
4,743,74,1.000000,0.192213,0.167303,1.148888,8.000000,0.141895,0.271316
5,462,46,1.000000,0.111865,0.112216,0.996873,8.000000,0.174010,0.271316
6,370,37,1.000000,0.153153,0.158341,0.967233,8.000000,0.180877,0.271316
