Contrast name:,Group (SameAg-SameAll)
Within-subjects contrast matrix:,c[1;1],c[1;2],c[1;3],c[1;4],c[1;5],c[1;6],c[1;7],c[1;8],c[1;9],c[1;10],c[1;11],c[1;12],c[1;13],c[1;14],c[1;15],c[1;16],c[1;17],c[1;18],c[1;19],
,0.000000,0.000000,0.000000,0.000000,0.000000,0.000000,0.000000,0.000000,0.000000,0.000000,0.000000,0.000000,0.000000,0.000000,0.000000,0.000000,0.000000,0.000000,1.000000,
Between-subjects contrast matrix:,c[1;1],
,1.000000,
Overlap threshold:,0.000000

Results
ROI#,ROI size,average localizer mask size,inter-subject overlap,h[1;1],stderr[1;1],T/F,dof,p,p-fdr
1,2948,294,1.000000,0.108207,0.139694,0.774601,8.000000,0.230427,0.504454
2,1627,162,1.000000,-0.001666,0.144602,-0.011518,8.000000,0.504454,0.504454
3,644,64,1.000000,0.001884,0.150694,0.012502,8.000000,0.495166,0.504454
4,743,74,1.000000,0.120178,0.125437,0.958071,8.000000,0.183041,0.504454
5,462,46,1.000000,0.065093,0.135155,0.481621,8.000000,0.321487,0.504454
6,370,37,1.000000,0.043993,0.119537,0.368027,8.000000,0.361200,0.504454
