Contrast name:,Group (SameAll)
Within-subjects contrast matrix:,c[1;1],c[1;2],c[1;3],c[1;4],c[1;5],c[1;6],c[1;7],c[1;8],c[1;9],c[1;10],c[1;11],c[1;12],c[1;13],c[1;14],c[1;15],c[1;16],c[1;17],c[1;18],c[1;19],
,1.000000,0.000000,0.000000,0.000000,0.000000,0.000000,0.000000,0.000000,0.000000,0.000000,0.000000,0.000000,0.000000,0.000000,0.000000,0.000000,0.000000,0.000000,0.000000,
Between-subjects contrast matrix:,c[1;1],
,1.000000,
Overlap threshold:,0.000000

Results
ROI#,ROI size,average localizer mask size,inter-subject overlap,h[1;1],stderr[1;1],T/F,dof,p,p-fdr
1,2948,294,1.000000,0.017378,0.084477,0.205713,11.000000,0.420386,0.504464
2,1627,162,1.000000,-0.001836,0.072379,-0.025366,11.000000,0.509891,0.509891
3,644,64,1.000000,0.237229,0.139843,1.696390,11.000000,0.058946,0.309528
4,743,74,1.000000,0.078684,0.116931,0.672913,11.000000,0.257445,0.386168
5,462,46,1.000000,0.171371,0.127611,1.342916,11.000000,0.103176,0.309528
6,370,37,1.000000,0.122682,0.162831,0.753432,11.000000,0.233505,0.386168
