Contrast name:,Group (SamePath-SameAll)
Within-subjects contrast matrix:,c[1;1],c[1;2],c[1;3],c[1;4],c[1;5],c[1;6],c[1;7],c[1;8],c[1;9],c[1;10],c[1;11],c[1;12],c[1;13],c[1;14],c[1;15],c[1;16],c[1;17],c[1;18],c[1;19],
,0.000000,0.000000,0.000000,0.000000,0.000000,0.000000,0.000000,0.000000,0.000000,0.000000,0.000000,0.000000,0.000000,0.000000,0.000000,0.000000,0.000000,1.000000,0.000000,
Between-subjects contrast matrix:,c[1;1],
,1.000000,
Overlap threshold:,0.000000

Results
ROI#,ROI size,average localizer mask size,inter-subject overlap,h[1;1],stderr[1;1],T/F,dof,p,p-fdr
1,2948,294,1.000000,0.110055,0.108792,1.011610,11.000000,0.166730,0.333459
2,1627,162,1.000000,0.044659,0.097581,0.457659,11.000000,0.328052,0.428169
3,644,64,1.000000,0.019865,0.107185,0.185337,11.000000,0.428169,0.428169
4,743,74,1.000000,0.222229,0.146671,1.515152,11.000000,0.078964,0.243935
5,462,46,1.000000,0.037382,0.135136,0.276623,11.000000,0.393599,0.428169
6,370,37,1.000000,0.223876,0.149588,1.496620,11.000000,0.081312,0.243935
