Contrast name:,Group (SameAg)
Within-subjects contrast matrix:,c[1;1],c[1;2],c[1;3],c[1;4],c[1;5],c[1;6],c[1;7],c[1;8],c[1;9],c[1;10],c[1;11],c[1;12],c[1;13],c[1;14],c[1;15],c[1;16],c[1;17],c[1;18],c[1;19],
,0.000000,0.000000,0.000000,1.000000,0.000000,0.000000,0.000000,0.000000,0.000000,0.000000,0.000000,0.000000,0.000000,0.000000,0.000000,0.000000,0.000000,0.000000,0.000000,
Between-subjects contrast matrix:,c[1;1],
,1.000000,
Overlap threshold:,0.000000

Results
ROI#,ROI size,average localizer mask size,inter-subject overlap,h[1;1],stderr[1;1],T/F,dof,p,p-fdr
1,2948,294,1.000000,0.102731,0.055408,1.854093,11.000000,0.045356,0.076320
2,1627,162,1.000000,0.006358,0.072967,0.087139,11.000000,0.466063,0.466063
3,644,64,1.000000,0.258155,0.144591,1.785411,11.000000,0.050880,0.076320
4,743,74,1.000000,0.181933,0.096915,1.877238,11.000000,0.043621,0.076320
5,462,46,1.000000,0.257424,0.101735,2.530340,11.000000,0.013978,0.076320
6,370,37,1.000000,0.111931,0.098915,1.131586,11.000000,0.140937,0.169125
