Contrast name:,Group (SameMan-Cont)
Within-subjects contrast matrix:,c[1;1],c[1;2],c[1;3],c[1;4],c[1;5],c[1;6],c[1;7],c[1;8],c[1;9],c[1;10],c[1;11],c[1;12],c[1;13],c[1;14],c[1;15],c[1;16],c[1;17],c[1;18],c[1;19],
,0.000000,0.000000,0.000000,0.000000,0.000000,0.000000,0.000000,1.000000,0.000000,0.000000,0.000000,0.000000,0.000000,0.000000,0.000000,0.000000,0.000000,0.000000,0.000000,
Between-subjects contrast matrix:,c[1;1],
,1.000000,
Overlap threshold:,0.000000

Results
ROI#,ROI size,average localizer mask size,inter-subject overlap,h[1;1],stderr[1;1],T/F,dof,p,p-fdr
1,2948,294,1.000000,-0.108490,0.136501,-0.794791,9.000000,0.776407,0.836257
2,1627,162,1.000000,-0.111596,0.107777,-1.035431,9.000000,0.836257,0.836257
3,644,64,1.000000,0.125216,0.096509,1.297455,9.000000,0.113372,0.516508
4,743,74,1.000000,0.081245,0.196318,0.413842,9.000000,0.344339,0.516508
5,462,46,1.000000,0.121491,0.150639,0.806507,9.000000,0.220370,0.516508
6,370,37,1.000000,0.114771,0.186253,0.616210,9.000000,0.276510,0.516508
