Contrast name:,Group (SameMan-SameAll)
Within-subjects contrast matrix:,c[1;1],c[1;2],c[1;3],c[1;4],c[1;5],c[1;6],c[1;7],c[1;8],c[1;9],c[1;10],c[1;11],c[1;12],c[1;13],c[1;14],c[1;15],c[1;16],c[1;17],c[1;18],c[1;19],
,0.000000,0.000000,0.000000,0.000000,0.000000,0.000000,0.000000,0.000000,0.000000,0.000000,0.000000,0.000000,0.000000,0.000000,0.000000,0.000000,1.000000,0.000000,0.000000,
Between-subjects contrast matrix:,c[1;1],
,1.000000,
Overlap threshold:,0.000000

Results
ROI#,ROI size,average localizer mask size,inter-subject overlap,h[1;1],stderr[1;1],T/F,dof,p,p-fdr
1,2948,294,1.000000,0.044168,0.080680,0.547450,11.000000,0.297501,0.363431
2,1627,162,1.000000,0.015994,0.077497,0.206380,11.000000,0.420132,0.420132
3,644,64,1.000000,0.056221,0.105801,0.531381,11.000000,0.302860,0.363431
4,743,74,1.000000,0.210098,0.119467,1.758620,11.000000,0.053196,0.154322
5,462,46,1.000000,0.193803,0.126692,1.529715,11.000000,0.077161,0.154322
6,370,37,1.000000,0.209233,0.132718,1.576523,11.000000,0.071605,0.154322
