Contrast name:,Group (DiffAll-SameMan)
Within-subjects contrast matrix:,c[1;1],c[1;2],c[1;3],c[1;4],c[1;5],c[1;6],c[1;7],c[1;8],c[1;9],c[1;10],c[1;11],c[1;12],c[1;13],c[1;14],c[1;15],c[1;16],c[1;17],c[1;18],c[1;19],
,0.000000,0.000000,0.000000,0.000000,0.000000,0.000000,0.000000,0.000000,0.000000,0.000000,0.000000,0.000000,0.000000,1.000000,0.000000,0.000000,0.000000,0.000000,0.000000,
Between-subjects contrast matrix:,c[1;1],
,1.000000,
Overlap threshold:,0.000000

Results
ROI#,ROI size,average localizer mask size,inter-subject overlap,h[1;1],stderr[1;1],T/F,dof,p,p-fdr
1,2948,294,1.000000,0.081286,0.103955,0.781938,8.000000,0.228384,0.824674
2,1627,162,1.000000,0.032643,0.113496,0.287615,8.000000,0.390476,0.824674
3,644,64,1.000000,-0.149264,0.133892,-1.114804,8.000000,0.851349,0.851349
4,743,74,1.000000,-0.018494,0.143210,-0.129140,8.000000,0.549783,0.824674
5,462,46,1.000000,-0.082623,0.133147,-0.620536,8.000000,0.723916,0.851349
6,370,37,1.000000,0.002875,0.148823,0.019318,8.000000,0.492530,0.824674
