Contrast name:,Group (SameAg-SameAll)
Within-subjects contrast matrix:,c[1;1],c[1;2],c[1;3],c[1;4],c[1;5],c[1;6],c[1;7],c[1;8],c[1;9],c[1;10],c[1;11],c[1;12],c[1;13],c[1;14],c[1;15],c[1;16],c[1;17],c[1;18],c[1;19],
,0.000000,0.000000,0.000000,0.000000,0.000000,0.000000,0.000000,0.000000,0.000000,0.000000,0.000000,0.000000,0.000000,0.000000,0.000000,0.000000,0.000000,0.000000,1.000000,
Between-subjects contrast matrix:,c[1;1],
,1.000000,
Overlap threshold:,0.000000

Results
ROI#,ROI size,average localizer mask size,inter-subject overlap,h[1;1],stderr[1;1],T/F,dof,p,p-fdr
1,2948,294,1.000000,0.166189,0.099878,1.663918,9.000000,0.065244,0.195732
2,1627,162,1.000000,0.063278,0.112986,0.560051,9.000000,0.294555,0.294555
3,644,64,1.000000,0.123666,0.107840,1.146754,9.000000,0.140528,0.210791
4,743,74,1.000000,0.149645,0.110284,1.356901,9.000000,0.103933,0.207865
5,462,46,1.000000,0.191887,0.089658,2.140218,9.000000,0.030500,0.182999
6,370,37,1.000000,0.057672,0.100934,0.571383,9.000000,0.290863,0.294555
