Contrast name:,Group (SameAll)
Within-subjects contrast matrix:,c[1;1],c[1;2],c[1;3],c[1;4],c[1;5],c[1;6],c[1;7],c[1;8],c[1;9],c[1;10],c[1;11],c[1;12],c[1;13],c[1;14],c[1;15],c[1;16],c[1;17],c[1;18],c[1;19],
,1.000000,0.000000,0.000000,0.000000,0.000000,0.000000,0.000000,0.000000,0.000000,0.000000,0.000000,0.000000,0.000000,0.000000,0.000000,0.000000,0.000000,0.000000,0.000000,
Between-subjects contrast matrix:,c[1;1],
,1.000000,
Overlap threshold:,0.500000

Results
ROI#,ROI size,average localizer mask size,inter-subject overlap,h[1;1],stderr[1;1],T/F,dof,p,p-fdr
1,2948,294,1.000000,-0.018328,0.101654,-0.180296,8.000000,0.569298,0.683158
2,1627,162,1.000000,-0.047365,0.087999,-0.538244,8.000000,0.697472,0.697472
3,644,64,1.000000,0.316077,0.167480,1.887256,8.000000,0.047915,0.287489
4,743,74,1.000000,0.032282,0.137928,0.234049,8.000000,0.410413,0.683158
5,462,46,1.000000,0.174567,0.168938,1.033315,8.000000,0.165840,0.497520
6,370,37,1.000000,0.014444,0.196662,0.073447,8.000000,0.471627,0.683158
