Contrast name:,Group (SamePath)
Within-subjects contrast matrix:,c[1;1],c[1;2],c[1;3],c[1;4],c[1;5],c[1;6],c[1;7],c[1;8],c[1;9],c[1;10],c[1;11],c[1;12],c[1;13],c[1;14],c[1;15],c[1;16],c[1;17],c[1;18],c[1;19],
,0.000000,0.000000,1.000000,0.000000,0.000000,0.000000,0.000000,0.000000,0.000000,0.000000,0.000000,0.000000,0.000000,0.000000,0.000000,0.000000,0.000000,0.000000,0.000000,
Between-subjects contrast matrix:,c[1;1],
,1.000000,
Overlap threshold:,0.000000

Results
ROI#,ROI size,average localizer mask size,inter-subject overlap,h[1;1],stderr[1;1],T/F,dof,p,p-fdr
1,2948,294,1.000000,0.127433,0.083097,1.533550,11.000000,0.076692,0.092030
2,1627,162,1.000000,0.042823,0.077717,0.551007,11.000000,0.296322,0.296322
3,644,64,1.000000,0.257094,0.144437,1.779975,11.000000,0.051343,0.092030
4,743,74,1.000000,0.300913,0.121343,2.479849,11.000000,0.015291,0.091746
5,462,46,1.000000,0.208753,0.134634,1.550516,11.000000,0.074647,0.092030
6,370,37,1.000000,0.346558,0.174539,1.985560,11.000000,0.036288,0.092030
