Contrast name:,Group (SameAll-Cont)
Within-subjects contrast matrix:,c[1;1],c[1;2],c[1;3],c[1;4],c[1;5],c[1;6],c[1;7],c[1;8],c[1;9],c[1;10],c[1;11],c[1;12],c[1;13],c[1;14],c[1;15],c[1;16],c[1;17],c[1;18],c[1;19],
,0.000000,0.000000,0.000000,0.000000,0.000000,0.000000,0.000000,0.000000,0.000000,0.000000,1.000000,0.000000,0.000000,0.000000,0.000000,0.000000,0.000000,0.000000,0.000000,
Between-subjects contrast matrix:,c[1;1],
,1.000000,
Overlap threshold:,0.500000

Results
ROI#,ROI size,average localizer mask size,inter-subject overlap,h[1;1],stderr[1;1],T/F,dof,p,p-fdr
1,2948,294,1.000000,-0.066260,0.108360,-0.611479,8.000000,0.721073,0.721073
2,1627,162,1.000000,-0.054159,0.093073,-0.581896,8.000000,0.711669,0.721073
3,644,64,1.000000,0.115512,0.093362,1.237250,8.000000,0.125539,0.721073
4,743,74,1.000000,-0.040951,0.087313,-0.469012,8.000000,0.674211,0.721073
5,462,46,1.000000,0.006378,0.090695,0.070328,8.000000,0.472829,0.721073
6,370,37,1.000000,-0.024269,0.082848,-0.292941,8.000000,0.611489,0.721073
