Contrast name:,Group (SameMan-SameAll)
Within-subjects contrast matrix:,c[1;1],c[1;2],c[1;3],c[1;4],c[1;5],c[1;6],c[1;7],c[1;8],c[1;9],c[1;10],c[1;11],c[1;12],c[1;13],c[1;14],c[1;15],c[1;16],c[1;17],c[1;18],c[1;19],
,0.000000,0.000000,0.000000,0.000000,0.000000,0.000000,0.000000,0.000000,0.000000,0.000000,0.000000,0.000000,0.000000,0.000000,0.000000,0.000000,1.000000,0.000000,0.000000,
Between-subjects contrast matrix:,c[1;1],
,1.000000,
Overlap threshold:,0.500000

Results
ROI#,ROI size,average localizer mask size,inter-subject overlap,h[1;1],stderr[1;1],T/F,dof,p,p-fdr
1,2948,294,1.000000,0.047126,0.078403,0.601075,8.000000,0.282214,0.371564
2,1627,162,1.000000,0.031169,0.091865,0.339287,8.000000,0.371564,0.371564
3,644,64,1.000000,0.060000,0.135585,0.442525,8.000000,0.334915,0.371564
4,743,74,1.000000,0.233164,0.104807,2.224697,8.000000,0.028382,0.170294
5,462,46,1.000000,0.105486,0.082148,1.284096,8.000000,0.117523,0.235046
6,370,37,1.000000,0.177422,0.131702,1.347150,8.000000,0.107422,0.235046
