Contrast name:,Group (DiffAll-Cont)
Within-subjects contrast matrix:,c[1;1],c[1;2],c[1;3],c[1;4],c[1;5],c[1;6],c[1;7],c[1;8],c[1;9],c[1;10],c[1;11],c[1;12],c[1;13],c[1;14],c[1;15],c[1;16],c[1;17],c[1;18],c[1;19],
,0.000000,0.000000,0.000000,0.000000,0.000000,0.000000,1.000000,0.000000,0.000000,0.000000,0.000000,0.000000,0.000000,0.000000,0.000000,0.000000,0.000000,0.000000,0.000000,
Between-subjects contrast matrix:,c[1;1],
,1.000000,
Overlap threshold:,0.500000

Results
ROI#,ROI size,average localizer mask size,inter-subject overlap,h[1;1],stderr[1;1],T/F,dof,p,p-fdr
1,2948,294,1.000000,0.062152,0.047983,1.295294,8.000000,0.115672,0.231344
2,1627,162,1.000000,0.009653,0.063604,0.151769,8.000000,0.441563,0.441563
3,644,64,1.000000,0.026248,0.113123,0.232032,8.000000,0.411169,0.441563
4,743,74,1.000000,0.173719,0.086015,2.019644,8.000000,0.039051,0.117153
5,462,46,1.000000,0.029242,0.084306,0.346855,8.000000,0.368824,0.441563
6,370,37,1.000000,0.156028,0.071410,2.184962,8.000000,0.030197,0.117153
