Contrast name:,Group (SamePath)
Within-subjects contrast matrix:,c[1;1],c[1;2],c[1;3],c[1;4],c[1;5],c[1;6],c[1;7],c[1;8],c[1;9],c[1;10],c[1;11],c[1;12],c[1;13],c[1;14],c[1;15],c[1;16],c[1;17],c[1;18],c[1;19],
,0.000000,0.000000,1.000000,0.000000,0.000000,0.000000,0.000000,0.000000,0.000000,0.000000,0.000000,0.000000,0.000000,0.000000,0.000000,0.000000,0.000000,0.000000,0.000000,
Between-subjects contrast matrix:,c[1;1],
,1.000000,
Overlap threshold:,0.500000

Results
ROI#,ROI size,average localizer mask size,inter-subject overlap,h[1;1],stderr[1;1],T/F,dof,p,p-fdr
1,2948,294,1.000000,0.051267,0.075961,0.674913,8.000000,0.259379,0.323295
2,1627,162,1.000000,-0.034447,0.056428,-0.610456,8.000000,0.720751,0.720751
3,644,64,1.000000,0.335982,0.180735,1.858970,8.000000,0.050044,0.236004
4,743,74,1.000000,0.215591,0.138182,1.560189,8.000000,0.078668,0.236004
5,462,46,1.000000,0.103149,0.160666,0.642007,8.000000,0.269413,0.323295
6,370,37,1.000000,0.206529,0.199466,1.035408,8.000000,0.165380,0.323295
