Contrast name:,Group (SamePath-Cont)
Within-subjects contrast matrix:,c[1;1],c[1;2],c[1;3],c[1;4],c[1;5],c[1;6],c[1;7],c[1;8],c[1;9],c[1;10],c[1;11],c[1;12],c[1;13],c[1;14],c[1;15],c[1;16],c[1;17],c[1;18],c[1;19],
,0.000000,0.000000,0.000000,0.000000,0.000000,0.000000,0.000000,0.000000,1.000000,0.000000,0.000000,0.000000,0.000000,0.000000,0.000000,0.000000,0.000000,0.000000,0.000000,
Between-subjects contrast matrix:,c[1;1],
,1.000000,
Overlap threshold:,0.500000

Results
ROI#,ROI size,average localizer mask size,inter-subject overlap,h[1;1],stderr[1;1],T/F,dof,p,p-fdr
1,2948,294,1.000000,0.003335,0.124593,0.026768,8.000000,0.489650,0.654551
2,1627,162,1.000000,-0.041240,0.101236,-0.407367,8.000000,0.652789,0.654551
3,644,64,1.000000,0.135417,0.127307,1.063705,8.000000,0.159256,0.532998
4,743,74,1.000000,0.142358,0.218513,0.651484,8.000000,0.266499,0.532998
5,462,46,1.000000,-0.065039,0.157722,-0.412368,8.000000,0.654551,0.654551
6,370,37,1.000000,0.167815,0.199109,0.842831,8.000000,0.211902,0.532998
